{"cameraMode":{"drawMode":0,"name":"Shaded","section":"Shading Mode"},"sceneLighting":false,"audioPlay":false,"sceneViewState":{"m_AlwaysRefresh":false,"showFog":true,"showSkybox":false,"showFlares":true,"showImageEffects":true,"showParticleSystems":true,"showVisualEffectGraphs":true,"m_FxEnabled":true},"in2DMode":false,"pivot":{"x":-0.10541050881147385,"y":-0.4665280878543854,"z":-0.025243373587727548},"rotation":{"x":-0.4096463620662689,"y":0.26494377851486208,"z":-0.12564204633235932,"w":-0.8638371229171753},"size":0.8660253882408142,"orthographic":false}