{"cameraMode":{"drawMode":0,"name":"Shaded","section":"Shading Mode"},"sceneLighting":true,"audioPlay":false,"sceneViewState":{"m_AlwaysRefresh":false,"showFog":true,"showSkybox":true,"showFlares":true,"showImageEffects":true,"showParticleSystems":true,"showVisualEffectGraphs":true,"m_FxEnabled":true},"in2DMode":false,"pivot":{"x":-11.344873428344727,"y":5.840912342071533,"z":15.974193572998047},"rotation":{"x":0.20622995495796204,"y":0.5672277212142944,"z":-0.14838992059230805,"w":0.783744752407074},"size":26.075397491455079,"orthographic":false}