{"cameraMode":{"drawMode":0,"name":"Shaded","section":"Shading Mode"},"sceneLighting":false,"audioPlay":false,"sceneViewState":{"m_AlwaysRefresh":false,"showFog":true,"showSkybox":false,"showFlares":true,"showImageEffects":true,"showParticleSystems":true,"showVisualEffectGraphs":true,"m_FxEnabled":true},"in2DMode":false,"pivot":{"x":1.1932899951934815,"y":0.0378718376159668,"z":1.4759345054626465},"rotation":{"x":-0.284847617149353,"y":-0.07696676254272461,"z":0.022951029241085054,"w":-0.9552063345909119},"size":3.5158514976501467,"orthographic":false}