{"cameraMode":{"drawMode":0,"name":"Shaded","section":"Shading Mode"},"sceneLighting":false,"audioPlay":false,"sceneViewState":{"m_AlwaysRefresh":false,"showFog":true,"showSkybox":false,"showFlares":true,"showImageEffects":true,"showParticleSystems":true,"showVisualEffectGraphs":true,"m_FxEnabled":true},"in2DMode":false,"pivot":{"x":-0.8514915704727173,"y":-0.5455329418182373,"z":-0.0049970149993896488},"rotation":{"x":0.36574894189834597,"y":0.1476164013147354,"z":-0.05887691304087639,"w":0.9170491099357605},"size":2.754807472229004,"orthographic":false}